track_id,x_mm,width_mm,left_mm,right_mm,center_mm,baseline_width_prediction_mm,corrected_width_prediction_mm,corrected_width_lower_90_mm,corrected_width_upper_90_mm,corrected_center_prediction_mm,corrected_left_prediction_mm,corrected_right_prediction_mm
21,28.299999999999997,0.33750461064962706,0.39835153538844065,0.7358561460380677,0.5671038407132541,0.6872638851345126,0.5929588163426487,0.3846640865385875,0.8012535461467098,0.8156408168181817,0.5191614086468573,1.1121202249895061
21,28.5,0.5251829199390239,0.6161624678963707,1.1413453878353947,0.8787539278658827,0.6662870859786549,0.5865065953289936,0.37821186552493247,0.7948013251330548,0.8467021476442134,0.5534488499797166,1.1399554453087102
21,28.700000000000003,0.5950225143629003,0.7551375289450435,1.350160043307944,1.0526487861264937,0.6720151236670457,0.6053611773977113,0.3970664475936502,0.8136559072017725,0.8719913388926055,0.5693107501937498,1.1746719275914612
21,28.89999999999999,0.5640042372599067,0.8251632390751912,1.3891674763350979,1.1071653577051446,0.6790612077130262,0.6153990331050279,0.4071043033009667,0.823693762909089,0.885260041391208,0.577560524838694,1.192959557943722
21,29.099999999999994,0.5095864107762721,0.8453893639994843,1.3549757747757565,1.1001825693876204,0.6560153910657132,0.6172281976409422,0.408933467836881,0.8255229274450033,0.8558928743048096,0.5472787754843386,1.1645069731252806
21,29.299999999999997,0.4839512486795088,0.8221372562537029,1.3060885049332116,1.0641128805934572,0.5995920966570608,0.6305205894054676,0.42222585960140646,0.8388153192095288,0.8372075926212004,0.5219472979184665,1.1524678873239342
21,29.5,0.5133892049798974,0.76892443999198,1.2823136449718775,1.0256190424819287,0.6421399266721342,0.6149522790386106,0.40665754923454944,0.8232470088426718,0.8389297643888752,0.5314536248695699,1.1464059039081804
21,29.700000000000003,0.6511630874043317,0.7125626180547383,1.36372570545907,1.038144161756904,0.6043764710586524,0.6422212814400575,0.43392655163599636,0.8505160112441187,0.8492589902410672,0.5281483495210384,1.170369630961096
21,29.89999999999999,0.8413997715973034,0.7835517333865111,1.6249515049838146,1.2042516191851629,0.6423473773410555,0.6208904591651776,0.41259572936111644,0.8291851889692388,0.8074469037169442,0.49700167413435536,1.117892133299533
21,30.099999999999994,0.8516547762492659,0.8543159999961284,1.7059707762453942,1.2801433881207613,0.6518890395567339,0.6081815298804101,0.3998868000763489,0.8164762596844712,0.8454731142066538,0.5413823492664488,1.149563879146859
21,30.299999999999997,0.8549101100161082,0.7809311779439565,1.6358412879600648,1.2083862329520105,0.6161865364663481,0.6408191181346115,0.4325243883305503,0.8491138479386726,0.8206730568252507,0.500263497757945,1.1410826158925564
21,30.5,0.8118083792655141,0.7101660062241795,1.5219743854896937,1.1160701958569366,0.6150063828060369,0.6215593177072054,0.41326458790314424,0.8298540475112666,0.822737888350523,0.5119582294969203,1.1335175472041257
21,30.700000000000003,0.7318843587211968,0.693518119313892,1.4254024780350887,1.0594602986744903,0.6536723785243281,0.6201135223014074,0.4118187924973462,0.8284082521054685,0.8607507821600634,0.5506940210093597,1.170807543310767
21,30.89999999999999,0.6500608875574893,0.6841318048520137,1.3341926924095031,1.0091622486307585,0.6140843747511358,0.6342828221338881,0.42598809232982693,0.8425775519379493,0.8321295628599676,0.5149881517930236,1.1492709739269116
21,31.099999999999994,0.6468594066074193,0.6727433674526367,1.319602774060056,0.9961730707563463,0.6435036330444376,0.6161204655795037,0.40782573577544257,0.8244151953835649,0.8438740759796991,0.5358138431899473,1.151934308769451
21,31.299999999999997,0.5714528400980644,0.6276634015066984,1.199116241604763,0.9133898215557307,0.6021328618906903,0.6294827187185833,0.42118798891452214,0.8377774485226445,0.8360454222232938,0.5213040628640022,1.1507867815825854
21,31.5,0.3369178694827443,0.5841592558802073,0.9210771253629516,0.7526181906215794,0.6175274604675131,0.6222404961984219,0.41394576639436076,0.8305352260024831,0.8199538598792225,0.5088336117800116,1.1310741079784334
21,31.700000000000003,0.3231114582265692,0.5315627500472703,0.8546742082738394,0.6931184791605549,0.6200023803111996,0.6318560936333429,0.4235613638292818,0.8401508234374041,0.8249304884624142,0.5090024416457428,1.1408585352790857
21,31.89999999999999,0.36225476084796976,0.5445472192860099,0.9068019801339797,0.7256745997099948,0.6159021215932193,0.5968132193397679,0.3885184895357068,0.8051079491438291,0.8036592005184734,0.5052525908485894,1.1020658101883574
21,32.099999999999994,0.4597581299400439,0.6923710061582087,1.1521291360982526,0.9222500711282307,0.5927451397278912,0.6027734294871516,0.39447869968309046,0.8110681592912128,0.8443268057879554,0.5429400910443796,1.1457135205315312
21,32.3,0.4245538746024972,0.8191892433911803,1.2437431179936775,1.031466180692429,0.6757483860556551,0.6044382992478623,0.39614356944380114,0.8127330290519235,0.81983609659441,0.5176169469704789,1.1220552462183413
21,32.5,0.4680256148371181,0.8303881580451282,1.2984137728822462,1.0644009654636872,0.6161865364663481,0.6293643519098158,0.4210696221057546,0.8376590817138769,0.8327847893865005,0.5181026134315926,1.1474669653414082
21,32.7,0.6875764507371384,0.7494643479256567,1.437040798662795,1.093252573294226,0.6516780361892247,0.6407714226489908,0.4324766928449296,0.849066152453052,0.8289658481138038,0.5085801367893084,1.1493515594382993
21,32.89999999999999,0.636295842946454,0.8441914070947474,1.4804872500412014,1.1623393285679744,0.5828427312825469,0.5782842833855051,0.3699895535814439,0.7865790131895662,0.8072922023961855,0.518150060703433,1.0964343440889381
21,33.099999999999994,0.6409276226720954,0.9358427602227393,1.5767703828948347,1.2563065715587869,0.6860762491759921,0.6030727511961109,0.39477802139204976,0.8113674810001721,0.8674139477257974,0.5658775721277419,1.1689503233238527
21,33.3,0.601113813515072,1.008920482522791,1.610034296037863,1.309477389280327,0.7023217887815276,0.6095569466862084,0.40126221688214725,0.8178516764902696,0.8525325177240621,0.5477540443809579,1.1573109910671664
21,33.5,0.4599334637080872,0.9947809071488924,1.4547143708569796,1.2247476390029362,0.6696519656352578,0.6221008588340333,0.41380612902997216,0.8303955886380945,0.871971163108031,0.5609207336910144,1.1830215925250478
21,33.7,0.5979768724766432,0.7640610075440953,1.3620378800207384,1.063049443782417,0.5939365792408747,0.6400404900143118,0.4317457602102507,0.848335219818373,0.8646594938178334,0.5446392488106775,1.1846797388249892
21,33.89999999999999,0.7798609281143986,0.5671745403525779,1.3470354684669765,0.9571050044097772,0.5914276870042338,0.6352898740038799,0.42699514419981877,0.8435846038079411,0.8573897566871792,0.5397448196852392,1.1750346936891192
21,34.099999999999994,0.7503678317893757,0.5768365948123719,1.3272044266017478,0.9520205107070598,0.6551772390737678,0.6094402232342719,0.4011454934302108,0.8177349530383331,0.8456916120193094,0.5409715004021735,1.1504117236364455
21,34.3,0.7093943241297073,0.7410602869261858,1.4504546110558931,1.0957574489910393,0.7093748951190653,0.5923069319944574,0.3840122021903962,0.8006016617985185,0.8540075167470245,0.5578540507497958,1.1501609827442532
21,34.5,0.555408625553774,1.0503173764339475,1.6057260019877215,1.3280216892108345,0.6553769427665462,0.6359319679910757,0.4276372381870145,0.8442266977951368,0.8887389391155772,0.5707729551200393,1.206704923111115
21,34.7,0.5520002846127499,0.8870125375832641,1.439012822196014,1.163012679889639,0.6870094922946958,0.603128064770562,0.39483333496650086,0.8114227945746232,0.8458518258655938,0.5442877934803128,1.1474158582508749
21,34.89999999999999,0.4726852682290259,0.6800499025728135,1.1527351708018394,0.9163925366873265,0.5867877749444834,0.6132347484916666,0.40494001868760543,0.8215294782957278,0.8486647646340668,0.5420473903882335,1.1552821388799002
21,35.099999999999994,0.27200154473610527,0.595029833090068,0.8670313778261732,0.7310306054581206,0.6243973338490967,0.587745020406052,0.37945029060199087,0.7960397502101132,0.8384107961363355,0.5445382859333094,1.1322833063393616
21,35.3,0.2673685601680622,0.5473908954007274,0.8147594555687896,0.6810751754847585,0.6447240540241372,0.6049321958140627,0.3966374660100015,0.8132269256181238,0.8566837055632105,0.5542176076561791,1.1591498034702419
21,35.5,0.2994700393183903,0.5074648330027698,0.8069348723211601,0.6571998526619649,0.6105519885674966,0.6351005606161577,0.42680583081209655,0.8433952904202189,0.8588791950912912,0.5413289147832123,1.17642947539937
21,35.7,0.3465186595430057,0.5205795747360794,0.8670982342790852,0.6938389045075823,0.6425904119811929,0.6696877390430047,0.46139300923894355,0.8779824688470659,0.878135556834583,0.5432916873130806,1.2129794263560854
21,35.89999999999999,0.3857525536945222,0.5712903598929429,0.9570429135874651,0.764166636740204,0.5524450809243041,0.5710869955000482,0.362792265695987,0.7793817253041093,0.8220117036830977,0.5364682059330736,1.1075552014331218
21,36.099999999999994,0.3912844579778506,0.5339556171082962,0.9252400750861468,0.7295978460972214,0.5663634880304173,0.6275700234606526,0.41927529365659144,0.8358647532647138,0.8790438220782506,0.5652588103479244,1.1928288338085768
21,36.3,0.3461380725969004,0.47588105359251326,0.8220191261894136,0.6489500898909635,0.627178508804785,0.5931411319968156,0.38484640219275446,0.8014358618008768,0.8401371110067432,0.5435665450083353,1.136707677005151
21,36.5,0.34633065289723475,0.521323431843916,0.8676540847411508,0.6944887582925334,0.6518890395567339,0.5968569119893768,0.3885621821853157,0.805151641793438,0.8437451912143901,0.5453167352197017,1.1421736472090784
21,36.699999999999996,0.4470728812300626,0.5803143005126041,1.0273871817426667,0.8038507411276354,0.5791375635669566,0.5569865511108693,0.3486918213068081,0.7652812809149304,0.9035256351550434,0.6250323595996088,1.182018910710478
21,36.9,0.5114137545307431,0.6173915788378687,1.1288053333686119,0.8730984561032402,0.5758174723002818,0.5852712082664754,0.3769764784624142,0.7935659380705365,0.8929021380968537,0.600266533963616,1.1855377422300915
21,37.099999999999994,0.5723056821769293,0.679923683676349,1.2522293658532784,0.9660765247648138,0.6306773883824316,0.6579544817234355,0.44965975191937435,0.8662492115274967,0.8456365107810481,0.5166592699193303,1.1746137516427657
21,37.3,0.5132540104767047,0.6243634706733486,1.1376174811500535,0.8809904759117011,0.5781969592130867,0.5545234682070378,0.34622873840297663,0.762818198011099,0.8144713621681222,0.5372096280646033,1.0917330962716412
21,37.5,0.3287148729928547,0.5507737651214354,0.8794886381142901,0.7151312016178628,0.6594427021113977,0.6003280892149654,0.3920333594109042,0.8086228190190266,0.8814948149681461,0.5813307703606634,1.1816588595756288
21,37.699999999999996,0.550468878671043,0.5762033696288682,1.1266722482999112,0.8514378089643897,0.673840096274293,0.6017728767421329,0.3934781469380717,0.810067606546194,0.8702217013130165,0.56933526294195,1.1711081396840828
21,37.9,0.7218045925232999,0.534401437060771,1.256206029584071,0.895303733322421,0.6030762403806971,0.6353136178635628,0.4270188880595016,0.8436083476676239,0.8682067102863538,0.5505499013545724,1.185863519218135
21,38.099999999999994,0.5601636093454245,0.5433344949487117,1.103498104294136,0.8234162996214238,0.6351361540691347,0.621029888425295,0.4127351586212339,0.8293246182293562,0.8883915920245157,0.5778766478118682,1.1989065362371631
21,38.3,0.41028179474271326,0.7518823211030853,1.1621641158457985,0.9570232184744418,0.6000547433429714,0.5966790073969092,0.388384277592848,0.8049737372009703,0.8402745166204636,0.5419350129220091,1.1386140203189181
21,38.5,0.4286481550119572,0.8181069942188042,1.2467551492307614,1.0324310717247829,0.6098285233089992,0.6131006573393647,0.40480592753530353,0.8213953871434259,0.851310228420235,0.5447598997505526,1.1578605570899172
21,38.699999999999996,0.5054021695741907,0.7356574010047389,1.2410595705789296,0.9883584857918342,0.6423115116119684,0.6072520768867493,0.39895734708268815,0.8155468066908105,0.8589688207785225,0.5553427823351479,1.162594859221897
21,38.9,0.44277311637788247,0.7513467506192996,1.194119866997182,0.9727333088082408,0.643685654076398,0.5958702639661511,0.3875755341620899,0.8041649937702122,0.867449854626244,0.5695147226431685,1.1653849866093196
21,39.099999999999994,0.44846465362244964,0.7591068795731406,1.2075715331955903,0.9833392063843654,0.6584095044665941,0.5832056681088471,0.37491093830478595,0.7915003979129083,0.866185200810616,0.5745823667561925,1.1577880348650396
21,39.3,0.49792827948064916,0.7629531869978192,1.2608814664784684,1.0119173267381438,0.6448541681723142,0.6226254306489496,0.41433070084488843,0.8309201604530108,0.918792926788012,0.6074802114635373,1.2301056421124867
21,39.5,0.4311752860847421,0.8577230431064247,1.2888983291911666,1.0733106861487958,0.6871752239582088,0.5834686358952268,0.37517390609116563,0.791763365699288,0.8901633862803638,0.5984290683327504,1.1818977042279772
21,39.699999999999996,0.4261726499200034,0.8661713545972196,1.292344004517223,1.0792576795572213,0.5768719679231016,0.6377635518665717,0.4294688220625106,0.8460582816706329,0.8895191546665655,0.5706373787332797,1.2084009305998513
21,39.9,0.553252581655791,0.6607968406537281,1.2140494223095193,0.9374231314816237,0.5701466694133096,0.5963647767653869,0.38807004696132574,0.8046595065694481,0.8514841435969951,0.5533017552143016,1.1496665319796886
21,40.099999999999994,0.43560241122929433,0.5012665670220521,0.9368689782513464,0.7190677726366992,0.6207143774542352,0.5947377837432313,0.3864430539391701,0.8030325135472924,0.8661610038207522,0.5687921119491366,1.1635298956923679
21,40.3,0.46732851005703707,0.5167541834201114,0.9840826934771485,0.7504184384486299,0.6312681157243253,0.605181024778065,0.39688629497400385,0.8134757545821262,0.8826197067868434,0.5800291943978109,1.185210219175876
21,40.5,0.45779536155842154,0.5933103114593583,1.0511056730177797,0.822207992238569,0.6060038641196858,0.6415670416680097,0.43327231186394854,0.8498617714720709,0.8908755155585129,0.570091994724508,1.2116590363925177
21,40.699999999999996,0.3661191157621824,0.49869288082479113,0.8648119965869735,0.6817524387058823,0.6932217033657689,0.6064660634314677,0.39817133362740653,0.8147607932355289,0.8714504598793994,0.5682174281636656,1.1746834915951332
21,40.9,0.32077437263687486,0.39340079134239686,0.7141751639792717,0.5537879776608343,0.6053939649111953,0.6051642119741031,0.3968694821700419,0.8134589417781642,0.9339949095345926,0.631412803547541,1.2365770155216442
21,41.099999999999994,0.3624212208473737,0.49606951554289136,0.8584907363902651,0.6772801259665782,0.5615151435256668,0.5083229760941633,0.30002824629010216,0.7166177058982245,0.9359114558266318,0.6817499677795502,1.1900729438737134
21,41.3,0.3637080337971547,0.8568529078262306,1.2205609416233854,1.038706924724808,0.6273110466949814,0.6298143025671263,0.4215195727630652,0.8381090323711875,0.9871804073898004,0.6722732561062372,1.3020875586733636
21,41.5,0.4148901533815556,0.8445811431376319,1.2594712965191874,1.0520262198284096,0.6682479955145318,0.612273615734745,0.4039788859306839,0.8205683455388062,0.8957619458590593,0.5896251379916868,1.2018987537264318
21,41.699999999999996,0.6035076846886045,0.6384057955381426,1.241913480226747,0.9401596378824448,0.6003998095391038,0.6622485304054614,0.4539538006014002,0.8705432602095226,0.95507669356345,0.6239524283607194,1.2862009587661807
21,41.9,0.49860950304964374,0.6665859875520586,1.1651954906017024,0.9158907390768805,0.7065677519526982,0.5871409964874396,0.3788462666833784,0.7954357262915007,0.8762613386015584,0.5826908403578386,1.1698318368452783
21,42.099999999999994,0.4653556848317014,0.9017701738992627,1.3671258587309643,1.1344480163151136,0.7442266303431907,0.6296202687677823,0.42132553896372116,0.8379149985718435,0.9628758874600213,0.6480657530761301,1.2776860218439126
21,42.3,0.5092084741117104,0.9648161668867177,1.4740246409984281,1.219420403942573,0.6761225670039305,0.6047017108929837,0.3964069810889226,0.8129964406970449,0.8710162508800645,0.5686653954335726,1.1733671063265563
21,42.5,0.5178240728580423,0.8871394192739672,1.4049634921320096,1.1460514557029884,0.5859058139232066,0.6227183621367471,0.414423632332686,0.8310130919408083,0.8699382843147121,0.5585791032463385,1.1812974653830857
21,42.699999999999996,0.5999979016706343,0.6813999724769763,1.2813978741476106,0.9813989233122935,0.6494312790375237,0.5678954984975658,0.35960076869350466,0.776190228301627,0.8530178964071993,0.5690701471584163,1.1369656456559822
21,42.9,0.7568663483040029,0.5084079505252371,1.26527429882924,0.8868411246772385,0.6111811255606182,0.5714085349736939,0.36311380516963276,0.7797032647777551,0.8842695352917006,0.5985652678048536,1.1699738027785476
21,43.099999999999994,0.8062075172194507,0.5627948312513377,1.3690023484707883,0.965898589861063,0.6739655841132832,0.5832860718064836,0.37499134200242246,0.7915808016105448,0.9156849814353903,0.6240419455321485,1.2073280173386323
21,43.3,0.6004862909757909,0.716943640734865,1.317429931710656,1.0171867862227604,0.5518001542692916,0.5718853067725833,0.36359057696852215,0.7801800365766445,0.9125627331288848,0.6266200797425932,1.1985053865151765
21,43.5,0.5459355433720601,0.6809250490144118,1.226860592386472,0.9538928207004418,0.5981949490463194,0.570527230306064,0.36223250050200284,0.7788219601101252,0.8871695490131023,0.6019059338600703,1.1724331641661343
21,43.699999999999996,0.5400893777624978,0.6148541157025597,1.1549434934650573,0.8848988045838084,0.5610592107543648,0.5714310223684907,0.3631362925644296,0.7797257521725519,0.8985963670097528,0.6128808558255074,1.184311878193998
21,43.9,0.5238008151959291,0.47202958661631533,0.9958304018122445,0.7339299942142798,0.578757304438537,0.6193139615517181,0.411019231747657,0.8276086913557793,0.9084929366582917,0.5988359558824325,1.2181499174341508
21,44.099999999999994,0.4763978659943569,0.49558012487022934,0.9719779908645862,0.7337790578674078,0.6154082483663805,0.5647351100293994,0.3564403802253382,0.7730298398334605,0.8396394791599753,0.5572719241452756,1.122007034174675
21,44.3,0.5745520398720644,0.6428396548392091,1.2173916947112735,0.9301156747752413,0.5757766253708864,0.5765080812929096,0.3682133514888485,0.7848028110969708,0.8811977383862978,0.592943697739843,1.1694517790327525
21,44.5,0.7230316372801313,0.5885979886183962,1.3116296258985274,0.9501138072584618,0.6893525178513469,0.6077241421520556,0.39942941234799445,0.8160188719561168,0.9319766209063775,0.6281145498303496,1.2358386919824054
21,44.699999999999996,0.7589695173921678,0.5610106733135539,1.3199801907057216,0.9404954320096377,0.6855393686656398,0.6171256314076073,0.4088309016035462,0.8254203612116685,0.9288917622449876,0.6203289465411839,1.2374545779487913
21,44.9,0.7148108185781381,0.6131681235016367,1.327978942079775,0.9705735327907059,0.5514796280623282,0.5829557994716743,0.37466106966761314,0.7912505292757355,0.8974695444139034,0.6059916446780662,1.1889474441497405
21,45.099999999999994,0.6325095270708434,0.7032425561892263,1.3357520832600698,1.019497319724648,0.6098230831840511,0.5970046947699659,0.3887099649659047,0.805299424574027,0.9300747281339171,0.6315723807489342,1.2285770755189
21,45.3,0.5124161901741469,0.8025194882697018,1.3149356784438486,1.058727583356775,0.6694863608975524,0.606389069042441,0.3980943392383799,0.8146837988465022,0.8915022481321059,0.5883077136108854,1.1946967826533264
21,45.5,0.4171860152458794,0.8516178464304814,1.2688038616763608,1.0602108540534212,0.5772566798635064,0.5884442911559965,0.38014956135193534,0.7967390209600577,0.8888650373149749,0.5946428917369766,1.1830871828929732
21,45.699999999999996,0.3611493187487417,0.890594772009755,1.2517440907584967,1.0711694313841258,0.5855030564566166,0.5764473115240202,0.368152581719959,0.7847420413280813,0.8763189794349924,0.5880953236729822,1.1645426351970025
21,45.9,0.4763942598572145,0.8004851838956771,1.2768794437528916,1.0386823138242844,0.6644699435002993,0.5926891252107652,0.38439439540670406,0.8009838550148264,0.8965094997396014,0.6001649371342188,1.192854062344984
21,46.099999999999994,0.6087155064503378,0.6974272072249682,1.3061427136753059,1.001784960450137,0.5814786576152399,0.5615509247712384,0.3532561949671772,0.7698456545752995,0.8852231773367631,0.604447714951144,1.1659986397223823
21,46.3,0.4369453206893593,0.5899434084648989,1.026888729154258,0.8084160688095785,0.6118571605847064,0.5785680214325872,0.37027329162852607,0.7868627512366484,0.8852599341498738,0.5959759234335802,1.1745439448661674
21,46.5,0.31332310822965265,0.48382731003283835,0.797150418262491,0.6404888641476647,0.5883908766133115,0.6568748808930295,0.4485801510889683,0.8651696106970906,0.9356668304828123,0.6072293900362975,1.264104270929327
21,46.699999999999996,0.4149155950620377,0.48966937391203164,0.9045849689740694,0.6971271714430505,0.5929628604599047,0.5538016094859182,0.345506879681857,0.7620963392899793,0.8474378924218424,0.5705370876788833,1.1243386971648015
21,46.9,0.4768870809794478,0.47857664374176057,0.9554637247212084,0.7170201842314845,0.492425895269363,0.5776450505037248,0.36935032069966367,0.785939780307786,0.9180227925435545,0.6292002672916921,1.2068453177954168
21,47.099999999999994,0.38751067271019474,0.4128117822342511,0.8003224549444459,0.6065671185893484,0.7192791814046853,0.592747303879741,0.3844525740756798,0.8010420336838021,0.8919881853463867,0.5956145334065162,1.1883618372862572
21,47.5,0.4738875666549153,0.4363812023279129,0.9102687689828282,0.6733249856553705,0.6026505782648858,0.5845240583825257,0.3762293285784646,0.7928187881865869,0.9165158841491146,0.6242538549578517,1.2087779133403775
21,47.699999999999996,0.5133591985830117,0.3907247879225482,0.9040839865055599,0.647404387214054,0.6585389626750695,0.5979156257259073,0.3896208959218461,0.8062103555299684,0.9069132549411837,0.60795544207823,1.2058710678041373
21,47.9,0.8517491947043063,0.4467719594472465,1.298521154151553,0.8726465567993997,0.591199082552087,0.5828014302752159,0.37450670047115475,0.7910961600792771,0.8988108716227963,0.6074101564851884,1.1902115867604042
21,48.099999999999994,0.7667574382949184,0.5325603060510846,1.299317744346003,0.9159390251985438,0.6896669130890956,0.599230063884997,0.39093533408093584,0.8075247936890582,0.9409501993942324,0.6413351674517339,1.2405652313367308
21,48.3,0.6511811508616733,0.5626428105474895,1.2138239614091628,0.8882333859783262,0.6605359547616122,0.5712510511520484,0.3629563213479873,0.7795457809561096,0.8784723453076594,0.5928468197316352,1.1640978708836835
21,48.5,0.6803524508091128,0.6040293554817915,1.2843818062909043,0.9442055808863479,0.6688080219253757,0.5858775424888982,0.37758281268483707,0.7941722722929594,0.8596924985158636,0.5667537272714145,1.1526312697603127
21,48.699999999999996,0.5638230794215648,0.8037355092707188,1.3675585886922836,1.0856470489815013,0.714870939696277,0.5715268855619029,0.36323215575784173,0.7798216153659641,0.8796638395640567,0.5939003967831052,1.165427282345008
21,48.9,0.4589803165281466,0.9065945134660588,1.3655748299942054,1.136084671730132,0.6917735389747707,0.7356462952462511,0.52735156544219,0.9439410250503123,0.928558197273108,0.5607350496499823,1.2963813448962336
21,49.099999999999994,0.5087027216205228,0.81913165126921,1.3278343728897326,1.0734830120794712,0.6151360669264122,0.4833258517110541,0.2750311219069929,0.6916205815151153,0.8634494226122074,0.6217864967566803,1.1051123484677343
21,49.3,0.5532750452768112,0.6786016404502674,1.2318766857270786,0.955239163088673,0.5915078833507273,0.5866727236586945,0.37837799385463333,0.7949674534627557,0.9506765165081172,0.65734015467877,1.2440128783374644
21,49.5,0.4290136859303868,0.6883176360992131,1.1173313220296,0.9028244790644065,0.6715043625804284,0.6340077849294623,0.42571305512540114,0.8423025147335235,0.9210159153401707,0.6040120228754395,1.2380198078049018
21,49.699999999999996,0.35416801779249313,0.7185136005960362,1.0726816183885293,0.8955976094922827,0.6535688682335785,0.5968012433125283,0.3885065135084671,0.8050959731165894,0.8797303810748452,0.5813297594185811,1.1781310027311094
21,49.9,0.392217404447225,0.7180361664244677,1.1102535708716927,0.9141448686480802,0.6241673084090857,0.5526737323973089,0.3443790025932477,0.76096846220137,0.8776214106146799,0.6012845444160255,1.1539582768133343
21,50.099999999999994,0.42740010917287496,0.6768141900899979,1.1042142992628727,0.8905142446764354,0.6652040134341937,0.5925489508014548,0.3842542209973936,0.8008436806055159,0.9176907149135769,0.6214162395128495,1.2139651903143043
21,50.3,0.497142830741763,0.59462108379982,1.091763914541583,0.8431924991707015,0.5911611698265861,0.5834066659974766,0.37511193619341543,0.7917013958015378,0.907318077896234,0.6156147448974957,1.1990214108949724
21,50.5,0.645286939622963,0.5643097064079516,1.2095966460309147,0.8869531762194331,0.5960534506809338,0.6221359203533072,0.41384119054924606,0.8304306501573684,0.9490291135673585,0.6379611533907049,1.2600970737440123
21,50.699999999999996,0.6586666221308006,0.605550055770221,1.2642166779010215,0.9348833668356213,0.5618205607709023,0.6128176930601958,0.4045229632561347,0.821112422864257,0.9077142000391301,0.6013053535090321,1.2141230465692279
21,50.9,0.50367971034898,0.6678554586535792,1.1715351690025593,0.9196953138280692,0.503780442773052,0.5647799046909276,0.3564851748868665,0.7730746344949888,0.9016522060634188,0.619262253717955,1.1840421584088827
21,51.099999999999994,0.45916357410044584,0.7382434743678928,1.1974070484683388,0.9678252614181158,0.6053407251120707,0.7036620955924742,0.495367365788413,0.9119568253965353,1.016152016472612,0.664320968676375,1.367983064268849
21,51.3,0.5600133450525487,0.871059355456196,1.4310727005087447,1.1510660279824703,0.6843625210465561,0.5971599281479552,0.388865198343894,0.8054546579520163,0.897535599793066,0.5989556357190884,1.1961155638670435
21,51.5,0.5988779623613241,0.9370617566727896,1.5359397190341135,1.2365007378534516,0.655527324745529,0.5991475416399009,0.39085281183583975,0.8074422714439621,0.9330204727927293,0.6334467019727787,1.2325942436126798
21,51.699999999999996,0.5025291093260863,0.9291041444995123,1.4316332538255985,1.1803686991625555,0.5356138177195539,0.6247459538456109,0.4164512240415498,0.8330406836496721,0.959476369455631,0.6471033925328256,1.2718493463784364
21,51.9,0.5017557204535599,0.8024869807246493,1.3042427011782092,1.0533648409514291,0.5957157420925401,0.5847900228521418,0.3764952930480806,0.7930847526562029,0.9533947411546521,0.6609997297285812,1.2457897525807229
21,52.099999999999994,0.5858588297950043,0.6361792265951436,1.2220380563901478,0.9291086414926457,0.609652430601524,0.6371561803484148,0.42886145054435365,0.845450910152476,0.9925060114108185,0.6739279212366112,1.3110841015850259
21,52.3,0.710541020240316,0.5566927706704657,1.2672337909107816,0.9119632807906237,0.6475669879031581,0.5846237208826742,0.37632899107861306,0.7929184506867354,0.9181678672251117,0.6258560067837746,1.2104797276664487
21,52.5,0.53311537648566,0.5306742555836754,1.0637896320693354,0.7972319438265054,0.7088177783749458,0.5851900542013291,0.3768953243972679,0.7934847840053902,0.9288074887595713,0.6362124616589068,1.2214025158602357
21,52.699999999999996,0.31760434513449315,0.5289661006534017,0.8465704457878948,0.6877682732206483,0.6801398864066133,0.576151893210503,0.3678571634064418,0.7844466230145641,0.899481517485976,0.6114055708807246,1.1875574640912276
21,52.9,0.3520090389519878,0.5500420767496339,0.9020511157016217,0.7260465962256277,0.66395427083835,0.6100612417087843,0.4017665119047231,0.8183559715128454,0.9565911291650226,0.6515605083106305,1.261621750019415
21,53.099999999999994,0.4688009852326575,0.7245068518826625,1.19330783711532,0.9589073444989913,0.7083321474741657,0.6079980524879418,0.39970332268388065,0.816292782292003,0.9477760596214089,0.643777033377438,1.2517750858653798
21,53.3,0.43799479639959726,0.9012747201457827,1.33926951654538,1.1202721183455813,0.6378036057279647,0.5914303623524095,0.38313563254834837,0.7997250921564707,0.9248453533856664,0.6291301722094617,1.220560534561871
21,53.5,0.49471617020995745,0.8809304225053205,1.375646592715278,1.128288507610299,0.6175075051322918,0.5985013277969456,0.3902065979928845,0.8067960576010068,0.9421109151237793,0.6428602512253065,1.241361579022252
21,53.699999999999996,0.450509952030235,0.8274958226006641,1.278005774630899,1.0527507986157816,0.6662653019844622,0.590339634900987,0.3820449050969258,0.7986343647050481,0.9628786701595968,0.6677088527091033,1.2580484876100904
21,53.9,0.6730021188878215,0.6678215383942023,1.3408236572820238,1.004322597838113,0.6424551031980186,0.6363915246248184,0.42809679482075724,0.8446862544288796,0.9888145000436583,0.6706187377312491,1.3070102623560675
21,54.099999999999994,0.7624647760590589,0.6177764485189776,1.3802412245780364,0.999008836548507,0.6884035507725277,0.5916261641950349,0.3833314343909737,0.799920893999096,0.9188327083712935,0.623019626273776,1.2146457904688108
21,54.3,0.3888640579316449,0.5909817429581778,0.9798458008898228,0.7854137719240003,0.5876943901576342,0.6484878683242844,0.44019313852022324,0.8567825981283456,0.9286199676996276,0.6043760335374855,1.2528639018617698
21,54.5,0.421830933691637,0.5568320868289225,0.9786630205205595,0.767747553674741,0.6309972180608528,0.5666823946605989,0.3583876648565377,0.77497712446466,0.8893228179195192,0.6059816205892197,1.1726640152498187
21,54.699999999999996,0.6016548893151842,0.5641313820066709,1.1657862713218552,0.864958826664263,0.49611227695477245,0.6501458799706767,0.4418511501666156,0.8584406097747379,1.0291671481297657,0.7040942081444274,1.354240088115104
21,54.9,0.6017313577749785,0.6363449570929233,1.238076314867902,0.9372106359804127,0.6333053206239498,0.6126819732630246,0.4043872434589635,0.8209767030670858,0.9963215279330893,0.6899805413015769,1.3026625145646016
21,55.099999999999994,0.5160194104031312,0.7117459103413475,1.2277653207444787,0.9697556155429131,0.6892952318722203,0.6099881179926314,0.40169338818857026,0.8182828477966926,0.934827125329259,0.6298330663329433,1.2398211843255749
21,55.3,0.4373789873248456,0.7457440947043463,1.1831230820291918,0.9644335883667691,0.569670669887225,0.5851327033655491,0.37683797356148796,0.7934274331696103,0.9315609876270401,0.6389946359442655,1.2241273393098147
21,55.5,0.3627376759488661,0.6266846445660053,0.9894223205148713,0.8080534825404383,0.5684839000529037,0.5778342234105337,0.36953949360647254,0.7861289532145949,0.9512627465676031,0.6623456348623362,1.24017985827287
21,55.699999999999996,0.27420171712402613,0.527044676217807,0.8012463933418332,0.6641455347798202,0.5797086324375506,0.6451862549989849,0.4368915251949237,0.853480984803046,0.9868417268173683,0.6642485993178758,1.3094348543168608
21,55.9,0.5214217900377229,0.5369537171411872,1.0583755071789103,0.7976646121600488,0.6018222790959616,0.5696944521235247,0.3613997223194635,0.7779891819275858,0.8857491879594825,0.6009019618977203,1.1705964140212448
21,56.099999999999994,0.7162255600242713,0.6064251040113394,1.3226506640356106,0.9645378840234751,0.5410445688875283,0.5711931229439536,0.3628983931398925,0.7794878527480148,0.9331400198522234,0.6475434583802466,1.2187365813242002
21,56.3,0.5756899207788629,0.538484080004154,1.114174000783017,0.8263290403935855,0.6860759171093553,0.5899485403878493,0.3816538105837881,0.7982432701919104,0.9463527860157208,0.6513785158217962,1.2413270562096455
21,56.5,0.3364700261585665,0.5004538380368267,0.8369238641953933,0.66868885111611,0.6183854623401156,0.5752198191693968,0.36692508936533563,0.783514548973458,0.9198990378392807,0.6322891282545824,1.207508947423979
21,56.699999999999996,0.2803321057543158,0.5088049089999449,0.7891370147542607,0.6489709618771028,0.6047874622951833,0.5454091366318219,0.3371144068277607,0.753703866435883,0.9160785713630758,0.6433740030471649,1.1887831396789867
21,56.9,0.28724932864771063,0.3794879503214144,0.666737278969125,0.5231126146452697,0.6780696866913003,0.5680738967129337,0.35977916690887257,0.7763686265169949,0.9250740608593818,0.641037112502915,1.2091110092158486
21,57.099999999999994,0.34065474340812485,0.2645078274746776,0.6051625708828025,0.43483519917874003,0.5229597543880568,0.4665865466350664,0.2582918168310052,0.6748812764391275,0.8688818003606764,0.6355885270431432,1.1021750736782097
21,57.3,0.4576753275381336,0.3400824609566678,0.7977577884948014,0.5689201247257346,0.6863547409978289,0.5342054789837106,0.32591074917964946,0.7425002087877718,0.9537324399885794,0.6866297004967241,1.2208351794804346
21,57.5,0.48385687493799306,0.648268517104382,1.132125392042375,0.8901969545733786,0.545759118584678,0.5959226713100977,0.3876279415060365,0.8042174011141588,0.9055062855189473,0.6075449498638985,1.203467621173996
21,57.699999999999996,0.38455090289424254,0.8069079493477296,1.1914588522419722,0.9991834007948509,0.6443161377715713,0.5943417457855928,0.3860470159815317,0.802636475589654,0.9542258648402218,0.6570549919474253,1.2513967377330182
21,57.9,0.5272314137728883,0.7938275306337815,1.3210589444066698,1.0574432375202256,0.6959898851504185,0.5920564758629108,0.3837617460588496,0.8003512056669719,0.9230990325389408,0.6270707946074854,1.2191272704703962
21,58.099999999999994,0.5991109721219902,0.7789690634515621,1.3780800355735523,1.0785245495125573,0.6448477592489464,0.616253064389192,0.40795833458513087,0.8245477941932532,0.9791377101886176,0.6710111779940215,1.2872642423832137
21,58.3,0.5913545157796495,0.7354387055640392,1.3267932213436888,1.031115963453864,0.6587426539313647,0.5662093437263422,0.3579146139222811,0.7745040735304034,0.9161869804466117,0.6330823085834406,1.1992916523097827
21,58.5,0.4022195583355271,0.5349333619610058,0.937152920296533,0.7360431411287693,0.5945176336328115,0.5982332298392041,0.38993850003514297,0.8065279596432653,0.9370626642071933,0.6379460492875912,1.2361792791267954
21,58.699999999999996,0.4354708943441042,0.46203589116045174,0.8975067855045559,0.6797713383325038,0.5630987798652904,0.6343643456475909,0.42606961584352976,0.8426590754516521,0.9521654596733191,0.6349832868495237,1.2693476324971145
21,58.9,0.8580955706394563,0.559830624498449,1.4179261951379054,0.9888784098181772,0.5225884064691736,0.5989463654904855,0.39065163568642436,0.8072410952945467,0.8710684475755328,0.57159526483029,1.1705416303207756
21,59.099999999999994,0.6385526760032187,0.6268953162368246,1.2654479922400435,0.946171654238434,0.6445232105987114,0.6273812657108138,0.4190865359067526,0.8356759955148749,0.8512525390701323,0.5375619062147254,1.1649431719255392
21,59.3,0.3881209014213687,0.6599299772464555,1.0480508786678242,0.8539904279571399,0.6141482473606851,0.5650670792198896,0.35677234941582847,0.7733618090239508,0.8520728261843032,0.5695392865743585,1.134606365794248
21,59.5,0.4770180149995438,0.5667275081006353,1.043745523100179,0.8052365156004072,0.6003481022366149,0.5950347816967437,0.38674005189268257,0.8033295115008049,0.8882575257588776,0.5907401349105057,1.1857749166072495
21,59.699999999999996,0.39645567866704184,0.42196051893073644,0.8184161975977783,0.6201883582642573,0.6257855122172213,0.5957575864093685,0.3874628566053073,0.8040523162134297,0.9328439905611878,0.6349651973565036,1.230722783765872
21,59.9,0.2918573545827711,0.4466513421728429,0.738508696755614,0.5925800194642284,0.48447832202517543,0.5584785701523057,0.35018384034824457,0.7667732999563669,0.9088560289051895,0.6296167438290365,1.1880953139813424
21,60.099999999999994,0.3630133892143714,0.5218560385285349,0.8848694277429062,0.7033627331357206,0.5566710842582009,0.5697263697343843,0.3614316399303231,0.7780210995384454,0.9343672216557609,0.6495040367885687,1.2192304065229531
21,60.3,0.49563673085091214,0.5695402151001597,1.0651769459510718,0.8173585805256158,0.6505068551351204,0.5813042620453395,0.3730095322412783,0.7895989918494006,0.9455745929087421,0.6549224618860724,1.236226723931412
21,60.5,0.5263295387920092,0.5727371635594681,1.0990667023514773,0.8359019329554727,0.6439459428514095,0.5504662893215263,0.34217155951746514,0.7587610191255875,0.9114050716744312,0.6361719270136681,1.1866382163351943
21,60.699999999999996,0.623436856780647,0.5453018627516151,1.168738719532262,0.8570202911419386,0.7342545362669779,0.568659250405661,0.36036452060159985,0.7769539802097222,0.9451597434291665,0.6608301182263361,1.229489368631997
21,60.9,0.6500537774060504,0.5504896189083982,1.2005433963144487,0.8755165076114235,0.7159387192159278,0.564377359521158,0.3560826297170968,0.7726720893252191,0.879358375458168,0.5971696956975889,1.161547055218747
21,61.099999999999994,0.6263791936195628,0.5541624523317226,1.1805416459512854,0.867352049141504,0.63811121251013,0.5462905551494738,0.3379958253454126,0.7545852849535349,0.8848475425144186,0.6117022649396817,1.1579928200891554
21,61.3,0.46344597571025764,0.47016509440921767,0.9336110701194753,0.7018880822643465,0.5812829391536543,0.5975322340190721,0.3892375042150109,0.8058269638231332,0.9465621355914334,0.6477960185818974,1.2453282526009695
21,61.5,0.38542247352112985,0.40417812820072535,0.7896006017218552,0.5968893649612903,0.5428549292426571,0.5304895949137816,0.3221948651097204,0.7387843247178427,0.9181737031825703,0.6529289057256795,1.183418500639461
21,61.699999999999996,0.47320137956979613,0.5376725613682715,1.0108739409380676,0.7742732511531696,0.5802542367571102,0.5638212200647487,0.3555264902606875,0.7721159498688098,0.9664203618781247,0.6845097518457504,1.2483309719104991
21,61.9,0.46491630136393736,0.6699055407722908,1.1348218421362282,0.9023636914542594,0.6872126944219795,0.5938398786500111,0.3855451488459499,0.8021346084540723,0.931038084388441,0.6341181450634354,1.2279580237134466
21,62.1,0.4483606739849733,0.6763315014361045,1.124692175421078,0.9005118384285913,0.6748732076353403,0.5711196313132616,0.36282490150920044,0.7794143611173228,0.9097627839577742,0.6242029683011434,1.195322599614405
21,62.3,0.49624675139507646,0.7316519457429986,1.2278986971380752,0.9797753214405369,0.689692645825343,0.6010960647348624,0.39280133493080127,0.8093907945389236,0.929875390501728,0.6293273581342967,1.2304234228691593
21,62.5,0.5848131043214511,0.7144300496814979,1.299243154002949,1.0068366018422235,0.6767153638981491,0.6151713198291072,0.40687659002504606,0.8234660496331684,0.9635321594993774,0.6559464995848239,1.271117819413931
21,62.699999999999996,0.6691264082827801,0.6275755550252247,1.2967019633080048,0.9621387591666147,0.6887974797694842,0.5747666720906198,0.36647194228655866,0.783061401894681,0.9303669512637509,0.6429836152184409,1.2177502873090609
21,62.9,0.6690515617356942,0.7285584440261234,1.3976100057618177,1.0630842248939705,0.6354875623826984,0.6047446110805499,0.3964498812764887,0.813039340884611,0.9404130580689382,0.6380407525286632,1.242785363609213
21,63.1,0.5821537490600178,0.8086519252795165,1.3908056743395343,1.0997287998095253,0.6590482638776286,0.5857262584620327,0.3774315286579716,0.7940209882660939,0.9152854261586649,0.6224222969276485,1.2081485553896814
21,63.3,0.5018803061919529,0.8763788348612658,1.3782591410532186,1.127318987957242,0.6995041959370225,0.60713543036955,0.3988407005654888,0.8154301601736111,0.9272277478130824,0.6236600326283074,1.2307954629978575
21,63.5,0.4721053856427423,0.8260189685220062,1.2981243541647485,1.0620716613433774,0.6429397035141327,0.5910692422006831,0.38277451239662197,0.7993639720047443,0.9303107906699916,0.63477616956965,1.225845411770333
21,63.699999999999996,0.4316645112429173,0.669876497341914,1.1015410085848314,0.8857087529633727,0.6451723713323687,0.5905505053411673,0.3822557755371061,0.7988452351452284,0.9232559496482579,0.6279806969776742,1.2185312023188415
21,63.9,0.43736068847808807,0.6883267560053417,1.1256874444834297,0.9070071002443857,0.5482706149000425,0.6069811136592844,0.39868638385522326,0.8152758434633456,0.9027226457768083,0.5992320889471661,1.2062132026064505
21,64.1,0.49305269650016653,0.6931351330301432,1.1861878295303097,0.9396614812802264,0.5484672698694835,0.5211646631145199,0.31286993331045876,0.7294593929185811,0.8906771687019068,0.6300948371446469,1.1512595002591668
21,64.3,0.5741991431546163,0.5768120335394963,1.1510111766941127,0.8639116051168045,0.6039934910581081,0.5412851445934657,0.3329904147894045,0.7495798743975268,0.9595405498390902,0.6888979775423574,1.230183122135823
21,64.5,0.4121867157186772,0.42865020128868836,0.8408369170073656,0.634743559148027,0.7460656820346309,0.5736338054797879,0.36533907567572677,0.7819285352838491,0.9149401039680399,0.6281232012281459,1.201757006707934
21,64.69999999999999,0.3356513323057313,0.3342848079198634,0.6699361402255948,0.5021104740727291,0.6798734005372455,0.5627639203061102,0.35446919050204906,0.7710586501101714,0.9275822196682654,0.6462002595152103,1.2089641798213204
21,64.9,0.3775253574080205,0.3408728829163667,0.7183982403243873,0.529635561620377,0.6728323290332114,0.5239851399125746,0.3156904101085134,0.7322798697166357,0.9366064391628705,0.6746138692065832,1.1985990091191576
21,65.1,0.3452040086453475,0.3948803203170737,0.7400843289624212,0.5674823246397475,0.5955033075375294,0.5789038425478558,0.3706091127437946,0.7871985723519169,0.9738138381548123,0.6843619168808843,1.2632657594287402
21,65.3,0.2768222650273077,0.38710310566210016,0.6639253706894078,0.525514238175754,0.5871534354782716,0.5620696820100165,0.35377495220595534,0.7703644118140777,0.9051851878539837,0.6241503468489755,1.186220028858992
21,65.5,0.3341936101262998,0.2589517773580677,0.5931453874843675,0.42604858242121757,0.5985181398235625,0.5939810724361747,0.38568634263211354,0.8022758022402359,0.9459527962396478,0.6489622600215604,1.242943332457735
21,65.69999999999999,0.38316573472026677,0.24769698001960785,0.6308627147398747,0.43927984737974124,0.7206233950551194,0.569657908403072,0.3613631785990108,0.7779526382071331,0.9106373883593386,0.6258084341578026,1.1954663425608745
21,65.9,0.3406960172075071,0.41418541688183536,0.7548814340893424,0.5845334254855888,0.5510028757778306,0.5845594907655122,0.376264760961451,0.7928542205695733,0.9398806071817369,0.6476008617989808,1.232160352564493
21,66.1,0.3147527993993543,0.6321968270541256,0.9469496264534799,0.7895732267538027,0.5675454736532879,0.5351612383619894,0.3268665085579282,0.7434559681660505,0.901494712053276,0.6339140928722813,1.1690753312342708
21,66.3,0.43108607192442333,0.7204583846952068,1.1515444566196302,0.9360014206574185,0.6554933699583649,0.5451538346255965,0.33685910482153536,0.7534485644296577,0.9206912125840336,0.6481142952712353,1.193268129896832
21,66.5,0.5754527855469354,0.5750943552896166,1.150547140836552,0.8628207480630843,0.5505207918361905,0.5356624155283295,0.32736768572426833,0.7439571453323907,0.8882990098813923,0.6204678021172276,1.156130217645557
21,66.69999999999999,0.5686558817976772,0.5653000864633969,1.1339559682610743,0.8496280273622356,0.6416820888847402,0.5752936407378743,0.3669989109338131,0.7835883705419354,0.8958763713019371,0.608229550933,1.1835231916708742
21,66.9,0.5817137133633847,0.623612433387257,1.2053261467506418,0.9144692900689494,0.687376453416871,0.6190670846548344,0.41077235485077324,0.8273618144588956,0.9465497975912667,0.6370162552638494,1.256083339918684
21,67.1,0.6010067182856417,0.6159119948397619,1.2169187131254036,0.9164153539825828,0.5586968172202377,0.5616723801700588,0.35337765036599766,0.76996710997412,0.912760282171605,0.6319240920865756,1.1935964722566343
21,67.3,0.48786751038224757,0.45275936147485774,0.9406268718571054,0.6966931166659815,0.5969755509454857,0.5800956645081601,0.3718009347040989,0.7883903943122212,0.9187997094456252,0.6287518771915451,1.208847541699705
21,67.69999999999999,0.25534466004349843,0.420970782813663,0.6763154428571615,0.5486431128354122,0.6073357385421995,0.5827022896140621,0.37440755981000096,0.7909970194181233,0.8808350658564318,0.5894839210494007,1.1721862106634628
21,67.9,0.2556539330367739,0.45369791879176563,0.7093518518285395,0.5815248853101526,0.6957997062789644,0.5714429033843633,0.36314817358030216,0.7797376331884245,0.8915675951244543,0.6058461434322726,1.177289046816636
21,68.1,0.4077170185875127,0.5316887791498484,0.9394057977373611,0.7355472884436047,0.6170933781325086,0.5706872931277589,0.36239256332369774,0.7789820229318201,0.9190630167824267,0.6337193702185473,1.2044066633463062
21,68.3,0.5969228166653525,0.6650296038856651,1.2619524205510178,0.9634910122183414,0.6318724716064238,0.5725486647809875,0.3642539349769264,0.7808433945850487,0.9096006332319303,0.6233263008414365,1.1958749656224241
21,68.5,0.5593288202997824,0.6679709567531708,1.227299777052953,0.9476353669030619,0.6863109923262567,0.5831154502867669,0.37482072048270576,0.7914101800908281,0.9178040733905055,0.6262463482471221,1.209361798533889
21,68.7,0.46118196730038974,0.6112158647893656,1.0723978320897554,0.8418068484395604,0.6501359577663082,0.5549529014448581,0.34665817164079693,0.7632476312489193,0.886891417786746,0.609414967064317,1.164367868509175
21,68.9,0.46156845472594754,0.570311824778878,1.0318802795048256,0.8010960521418518,0.5449352353300047,0.5863922025187891,0.37809747271472793,0.7946869323228503,0.9234110579918153,0.6302149567324208,1.2166071592512098
21,69.1,0.47589005333451495,0.5715174101226722,1.0474074634571873,0.8094624367899297,0.6689599912822125,0.5852229182931924,0.37692818848913123,0.7935176480972536,0.9175673948125059,0.6249559356659098,1.210178853959102
21,69.3,0.4675863143527326,0.578881797269969,1.0464681116227017,0.8126749544463354,0.6063522108498272,0.6604040624127288,0.4521093326086676,0.8686987922167899,0.9417297510207344,0.61152771981437,1.2719317822270988
21,69.5,0.47556203054860885,0.6198708073687024,1.0954328379173113,0.8576518226430068,0.6495413237830293,0.57492490663858,0.3666301768345188,0.7832196364426411,0.8909442999716995,0.6034818466524096,1.1784067532909894
21,69.7,0.4866139658993106,0.7221837985483659,1.2087977644476764,0.9654907814980211,0.656070478184416,0.5697066708928764,0.36141194108881525,0.7780014006969376,0.9032214897299702,0.618368154283532,1.1880748251764084
21,69.9,0.3932495143882828,0.6424885905885851,1.035738104976868,0.8391133477827265,0.6963304422830368,0.6159732050916487,0.4076784752875875,0.8242679348957098,0.9473653624219112,0.6393787598760868,1.2553519649677356
21,70.1,0.4090577307799212,0.4501038778972258,0.859161608677147,0.6546327432871863,0.5525585573461501,0.5623123073309964,0.3540175775269352,0.7706070371350575,0.9125704924702439,0.6314143388047457,1.193726646135742
21,70.3,0.5861307886114868,0.4378193971384605,1.0239501857499473,0.7308847914442039,0.6295477529099806,0.625227971521589,0.4169332417175279,0.8335227013256502,0.9540790218040629,0.6414650360432683,1.2666930075648575
21,70.5,0.6562117938574916,0.4451065000280974,1.101318293885589,0.7732123969568432,0.6463144807677096,0.6163069146807402,0.408012184876679,0.8246016444848013,0.9435762195030591,0.6354227621626891,1.2517296768434292
21,70.7,0.6511311664912525,0.509753025438194,1.1608841919294466,0.8353186086838202,0.6935839612264706,0.5881141186052854,0.37981938880122423,0.7964088484093466,0.9262459081758483,0.6321888488732056,1.2203029674784909
21,70.9,0.5181025642262231,0.6009730706450958,1.119075634871319,0.8600243527582073,0.6718616741991881,0.5910042513756293,0.3827095215715681,0.7992989811796904,0.930008893000766,0.6345067673129513,1.2255110186885805
21,71.1,0.45296464477852155,0.6139565628420109,1.0669212076205326,0.8404388852312717,0.6446549392308686,0.594313780145606,0.3860190503415448,0.8026085099496671,0.9204140480978266,0.6232571580250236,1.2175709381706294
21,71.3,0.38470893334117806,0.6778924336829926,1.0626013670241707,0.8702469003535817,0.7141606687435952,0.5801716798153812,0.37187695001132004,0.7884664096194424,0.9130501580071394,0.6229643180994489,1.20313599791483
21,71.5,0.3380993282577347,0.8439091284454793,1.182008456703214,1.0129587925743466,0.6769380035320259,0.6205836751086513,0.41228894530459015,0.8288784049127125,0.9547245357293338,0.6444326981750081,1.2650163732836595
21,71.7,0.38340582366318376,0.8909612237670528,1.2743670474302367,1.0826641355986446,0.6764781672979953,0.5810044808558149,0.37270975105175375,0.7892992106598761,0.9292819985675265,0.6387797581396191,1.2197842389954339
21,71.9,0.3908965308826441,0.8532293571646815,1.2441258880473256,1.0486776226060035,0.6458514626157715,0.5946779443916631,0.38638321458760194,0.8029726741957243,0.9374437813083054,0.6401048091124739,1.234782753504137
21,72.1,0.3335998451978799,0.8208862626112187,1.1544861078090987,0.9876861852101586,0.6146335455519717,0.7553048017085225,0.5470100719044614,0.9635995315125837,1.0370916445320355,0.6594392436777743,1.4147440453862967
21,72.3,0.3898493756030234,0.7754601676957208,1.1653095432987441,0.9703848554972325,0.6215556968891671,0.8638647233302044,0.6555699935261432,1.0721594531342655,1.0715224117199085,0.6395900500548063,1.5034547733850108
21,72.5,0.5493350434937059,0.751141551645617,1.300476595139323,1.02580907339247,0.5521503344207654,0.6250964387702324,0.4168017089661712,0.8333911685742935,0.8941176357911742,0.5815694164060581,1.2066658551762903
21,72.7,0.5109842935155785,0.910347103461416,1.4213313969769945,1.1658392502192052,0.5601537036458173,0.5504180245087371,0.34212329470467595,0.7587127543127983,0.8823177708357384,0.6071087585813698,1.1575267830901068
21,72.9,0.4582907832529306,0.9869905318945703,1.445281315147501,1.2161359235210356,0.6529351533010187,0.5937079074375866,0.38541317763352545,0.8020026372416478,0.9315964210157444,0.634742467296951,1.2284503747345377
21,73.1,0.4388827067727796,0.9226669775759354,1.361549684348715,1.1421083309623252,0.5901315106448677,0.6161558913643088,0.40786116156024765,0.82445062116837,0.9315563494077408,0.6234784037255864,1.2396342950898953
21,73.3,0.32672569446301425,0.8954214742016664,1.2221471686646805,1.0587843214331736,0.6165200605419431,0.6007417317005248,0.39244700189646364,0.809036461504586,0.9043749220984535,0.6040040562481911,1.204745787948716
21,73.5,0.4031307508684465,0.8808138160542961,1.2839445669227425,1.0823791914885192,0.5349667871212208,0.5933362766881626,0.3850415468841014,0.8016310064922237,0.8785980666020499,0.5819299282579686,1.175266204946131
21,73.7,0.5927780184873573,0.8648658818084954,1.4576439002958528,1.161254891052174,0.5862632616830022,0.6671570613426919,0.45886233153863076,0.8754517911467531,0.9594593254278364,0.6258807947564904,1.2930378560991824
21,73.9,0.5927120512356766,0.8614424726837115,1.4541545239193883,1.15779849830155,0.5858407452610888,0.5951898693524938,0.3868951395484327,0.803484599156555,0.8981167243763333,0.6005217897000863,1.1957116590525803
21,74.1,0.629002888889467,0.8229894100520688,1.451992298941536,1.1374908544968023,0.5829303968595342,0.6075580640178626,0.39926333421380145,0.8158527938219238,0.9188559354874821,0.6150769034785508,1.2226349674964134
21,74.3,0.6679141334103136,0.8177937546852586,1.4857078880955723,1.1517508213904155,0.7044195787230751,0.5924842554580187,0.3841895256539576,0.8007789852620799,0.9126284937509205,0.6163863660219111,1.2088706214799299
21,74.5,0.5029112427259107,0.834687968329435,1.3375992110553458,1.0861435896923903,0.6269210661393099,0.5806766127553946,0.37238188295133345,0.7889713425594558,0.9104689478023449,0.6201306414246476,1.200807254180042
21,74.7,0.3260460588236299,0.5905290946669345,0.9165751534905644,0.7535521240787495,0.642336173100652,0.604537832375671,0.3962431025716099,0.8128325621797322,0.9172686197820109,0.6149997035941754,1.2195375359698464
21,74.9,0.3344830053597665,0.3403793999971798,0.6748624053569463,0.5076209026770631,0.6331591426181363,0.6428079137745673,0.4345131839705061,0.8511026435786284,0.9522919842037837,0.6308880273165001,1.2736959410910673
21,75.1,0.4126841074956605,0.3309042719003469,0.7435883793960074,0.5372463256481772,0.5843832503853964,0.6820423003532741,0.4737475705492129,0.8903370301573352,0.9770122606823219,0.6359911105056849,1.318033410858959
21,75.3,0.48251086894985107,0.43346241640418504,0.9159732853540361,0.6747178508791105,0.6122173754850068,0.6301544605207343,0.42185973071667315,0.8384491903247955,0.9267294634012915,0.6116522331409243,1.2418066936616587
21,75.5,0.33649955118651165,0.45223553483355533,0.788735086020067,0.6204853104268112,0.6200023803111996,0.72538720777678,0.5170924779727188,0.9336819375808412,1.0265218656324993,0.6638282617441092,1.3892154695208894
21,75.7,0.2983652375058211,0.4347839388313321,0.7331491763371533,0.5839665575842427,0.6222896008790701,0.6884544456168987,0.48015971581283756,0.8967491754209599,0.9802420745342584,0.6360148517258091,1.3244692973427077
21,75.9,0.4042647018482299,0.4915798923859579,0.8958445942341878,0.6937122433100729,0.5832214669427255,0.5503135428750388,0.3420188130709776,0.7586082726790999,0.869046360110399,0.5938895886728797,1.1442031315479184
21,76.1,0.48131288221669033,0.6766220753652658,1.1579349575819562,0.917278516473611,0.624016219330987,0.5453094264327738,0.33701469662871264,0.753604156236835,0.8883705463224868,0.6157158331060999,1.1610252595388737
21,76.3,0.49317240724711625,0.8671020668340789,1.360274474081195,1.113688270457637,0.6592689085560097,0.5781353783897958,0.3698406485857346,0.786430108193857,0.9005743594453772,0.6115066702504793,1.189642048640275
21,76.5,0.4952133388734234,0.6860950522472357,1.181308391120659,0.9337017216839474,0.6409119932059962,0.6229591275827233,0.41466439777866215,0.8312538573867845,0.9391507534459875,0.6276711896546259,1.2506303172373492
21,76.7,0.37233629859486994,0.424204330820735,0.796540629415605,0.61037248011817,0.5931941663574317,0.6111195972923822,0.402824867488321,0.8194143270964434,0.9122644585623984,0.6067046599162073,1.2178242572085893
21,76.9,0.4001776414048785,0.49838373939114133,0.8985613807960199,0.6984725600935806,0.6427026854192505,0.6669378139955994,0.4586430841915382,0.8752325437996605,0.944107253540073,0.6106383465422733,1.2775761605378726
21,77.1,0.5613795800819218,0.7803310540898487,1.3417106341717706,1.0610208441308098,0.6868147337170545,0.5746997936065017,0.36640506380244053,0.7829945234105629,0.8929370597652289,0.605587162961978,1.1802869565684797
21,77.3,0.5681214590803265,0.8347763827792924,1.402897841859619,1.1188371123194556,0.582873773802377,0.5953613205843898,0.3870665907803287,0.803656050388451,0.9475184003475757,0.6498377400553808,1.2451990606397707
21,77.5,0.5035842619647517,0.753979834529592,1.2575640964943438,1.005771965511968,0.6818266241173192,0.6169962393665215,0.4087015095624603,0.8252909691705826,0.9504345268520212,0.6419364071687605,1.258932646535282
21,77.7,0.39947670104145283,0.5874759689453916,0.9869526699868444,0.787214319466118,0.6045708048346763,0.632364455176549,0.4240697253724879,0.8406591849806102,0.9475323899460069,0.6313501623577323,1.2637146175342813
21,77.9,0.4430846250588031,0.5503232010039188,0.9934078260627219,0.7718655135333203,0.6356297406514828,0.564316626424222,0.3560218966201608,0.7726113562282831,0.9034145287623343,0.6212562155502233,1.1855728419744453
21,78.1,0.6707021085646677,0.6745094091127934,1.345211517677461,1.0098604633951274,0.6484187510836732,0.6026785207941651,0.3943837909901039,0.8109732505982262,0.9439218193115009,0.6425825589144183,1.2452610797085835
21,78.3,0.7539687206321087,0.4782020247046268,1.2321707453367354,0.8551863850206811,0.6330766095081567,0.6236308713099598,0.4153361415058986,0.8319256011140209,0.9416551751227854,0.6298397394678055,1.2534706107777653
21,78.5,0.44087252765051177,0.3548274792058077,0.7957000068563195,0.5752637430310636,0.6275809096581755,0.66269355567912,0.45439882587505886,0.8709882854831812,0.9373491134416151,0.6060023356020551,1.2686958912811752
21,78.7,0.4730314414962942,0.460303199037245,0.9333346405335392,0.6968189197853921,0.5734980477149282,0.5844087872150265,0.3761140574109654,0.7927035170190877,0.8869211885397253,0.5947167949322121,1.1791255821472386
21,78.9,0.6267350106411012,0.621755494333489,1.24849050497459,0.9351229996540396,0.6663178153101436,0.568199543929894,0.35990481412583286,0.7764942737339552,0.8880575358643521,0.6039577638994051,1.172157307829299
21,79.1,0.6404521155155734,0.7452502175799234,1.3857023330954967,1.06547627533771,0.6455796899939306,0.6296633512291953,0.4213686214251341,0.8379580810332564,0.9240075221237999,0.6091758465092023,1.2388391977383975
21,79.3,0.5550285091794643,0.8704635852365221,1.4254920944159866,1.1479778398262543,0.6176355356766562,0.59749873822021,0.3892040084161489,0.8057934680242712,0.8976112735259291,0.5988619044158241,1.196360642636034
21,79.5,0.5859959861676338,0.8379370803472032,1.423933066514837,1.1309350734310202,0.6479219843058242,0.578536497762928,0.3702417679588669,0.7868312275669892,0.9199073354769112,0.6306390865954472,1.2091755843583751
21,79.7,0.670216399053644,0.807794657105137,1.478011056158781,1.142902856631959,0.6339130505790523,0.5686139037495122,0.360319173945451,0.7769086335535733,0.92284450021783,0.638537548343074,1.2071514520925861
21,79.9,0.5374653569011482,0.7160461591465359,1.2535115160476842,0.98477883759711,0.5883908766133115,0.6802251658349061,0.47193043603084495,0.8885198956389673,0.951739466476034,0.611626883558581,1.291852049393487
21,80.1,0.28284761752268156,0.6149154025308394,0.8977630200535209,0.7563392112921802,0.6590323279818717,0.5638873089123041,0.35559257910824293,0.7721820387163653,0.874419511666135,0.5924758572099829,1.156363166122287
21,80.3,0.4035559299171033,0.6224597058141594,1.0260156357312626,0.824237670772711,0.6247637355805912,0.545633019468574,0.33733828966451285,0.7539277492726352,0.8936354320434527,0.6208189223091658,1.1664519417777397
21,80.5,0.5115441569658677,0.8264309754534461,1.3379751324193139,1.08220305393638,0.6736994345622288,0.5741566609585393,0.3658619311544782,0.7824513907626005,0.9046022539859131,0.6175239235066434,1.1916805844651828
21,80.7,0.4751155254657694,0.8195984331706636,1.294713958636433,1.0571561959035483,0.6174865382233702,0.6639927156918581,0.455697985887797,0.8722874454959193,0.9422008344524152,0.6102044766064861,1.2741971922983444
21,80.9,0.5095672253852349,0.5990899598866357,1.1086571852718705,0.8538735725792531,0.65406238068564,0.574235488587505,0.3659407587834438,0.7825302183915661,0.8604980063167366,0.5733802620229841,1.147615750610489
21,81.1,0.3655601426687638,0.4383846219029296,0.8039447645716934,0.6211646932373115,0.6709650586454785,0.624381899740256,0.4160871699361949,0.8326766295443172,0.9467639116742294,0.6345729618041014,1.2589548615443573
21,81.3,0.3759491042807051,0.5086744605220933,0.8846235648027984,0.6966490126624458,0.6606801159865672,0.6004749748451303,0.3921802450410692,0.8087697046491915,0.9073275606809734,0.6070900732584082,1.2075650481035387
21,81.5,0.48293298288719677,0.6378275647845553,1.1207605476717521,0.8792940562281537,0.6663843145999452,0.5879764166414413,0.37968168683738013,0.7962711464455025,0.902075409407445,0.6080872010867244,1.1960636177281656
21,81.7,0.5469179059698178,0.5156480936571178,1.0625659996269357,0.7891070466420267,0.6478580488226026,0.568156243723877,0.3598615139198158,0.7764509735279381,0.8778865407134604,0.5938084188515219,1.1619646625753988
21,81.9,0.32872307312246357,0.45758374428793835,0.7863068174104019,0.6219452808491701,0.5703549464606803,0.5757112519138805,0.36741652210981934,0.7840059817179417,0.888096527282634,0.6002409013256937,1.1759521532395742
21,82.1,0.38164321892888264,0.5284203472899455,0.9100635662188281,0.7192419567543868,0.5577015469938289,0.5467072098666418,0.3384124800625806,0.755001939670703,0.886977632587979,0.6136240276546581,1.1603312375213
21,82.3,0.5046488251451714,0.5789704251123556,1.083619250257527,0.8312948376849414,0.5971308791857504,0.5788272520368142,0.370532522232753,0.7871219818408753,0.9205997721648919,0.6311861461464847,1.210013398183299
21,82.5,0.6191097334851619,0.5990315473025515,1.2181412807877134,0.9085864140451325,0.6766225268803379,0.5730138536426694,0.3647191238386083,0.7813085834467306,0.9130831951610854,0.6265762683397507,1.19959012198242
21,82.7,0.6173335665987907,0.7240428969517497,1.3413764635505403,1.032709680251145,0.6942777685376936,0.5824100747272132,0.374115344923152,0.7907048045312743,0.936913609288163,0.6457085719245564,1.2281186466517697
21,82.9,0.5460018500211121,0.7614864657252515,1.3074883157463635,1.0344873907358074,0.6442903609060172,0.6218145809019254,0.41351985109786427,0.8301093107059866,0.9222070589856455,0.6112997685346828,1.2331143494366081
21,83.1,0.46058789430334046,0.7382239405689088,1.1988118348722494,0.9685178877205791,0.5699604184465697,0.5673618585567285,0.35906712875266733,0.7756565883607897,0.8931575955804831,0.6094766663021189,1.1768385248588473
21,83.3,0.46728237445578186,0.6309187792040838,1.0982011536598657,0.8645599664319747,0.6310146736199744,0.5625993614271583,0.3543046316230971,0.7708940912312194,0.9158104453767553,0.6345107646631761,1.1971101260903345
21,83.5,0.34636553130249076,0.5191404010644147,0.8655059323669054,0.6923231667156601,0.6569467545541627,0.5793939728952722,0.371099243091211,0.7876887026993333,0.9224173735014763,0.6327203870538403,1.2121143599491124
21,83.7,0.25717869092220025,0.4858665296505162,0.7430452205727165,0.6144558751116164,0.6343755243885412,0.6150087981535737,0.4067140683495125,0.8233035279576348,0.9446473868301999,0.637142987753413,1.2521517859069866
21,83.9,0.35212023400531234,0.5130107146441469,0.8651309486494592,0.689070831646803,0.702169605215333,0.5902385881851747,0.38194385838111355,0.7985333179892359,0.9199484790737852,0.6248291849811978,1.2150677731663726
21,84.1,0.541645699604186,0.7668843642430279,1.308530063847214,1.037707214045121,0.6207181610818803,0.6383745470910664,0.4300798172870053,0.8466692768951276,0.9366496436864191,0.6174623701408859,1.2558369172319523
21,84.3,0.30852654270746505,1.1479378943601324,1.4564644370675974,1.302201165713865,0.6060848925347753,0.5965930827072972,0.388298352903236,0.8048878125113583,0.9068055310353331,0.6085089896816845,1.2051020723889816
21,84.5,0.3079474899058416,1.144875828458377,1.4528233183642187,1.298849573411298,0.6409130946975939,0.5659946581151487,0.35769992831108754,0.7742893879192099,0.8974488580990335,0.6144515290414592,1.1804461871566079
21,84.7,0.48526291812050654,0.9631781071173477,1.4484410252378543,1.2058095661776012,0.6135639121865606,0.6656701191326528,0.4573753893285917,0.873964848936714,0.9811905614859016,0.6483555019195751,1.3140256210522279
21,84.9,0.7913598008367076,0.706154444365855,1.4975142452025627,1.101834344784209,0.5861353674768612,0.6185696665063303,0.4102749367022691,0.8268643963103914,0.926676219907994,0.6173913866548288,1.2359610531611591
21,85.1,0.7765777152721696,0.6510518257481982,1.4276295410203677,1.0393406833842829,0.6578258560013639,0.5925273633008613,0.38423263349680015,0.8008220931049225,0.9155588764941652,0.6192951948437346,1.2118225581445958
21,85.3,0.6028519524771103,0.6163618263956422,1.2192137788727526,0.9177878026341975,0.579872177057241,0.5654807307028724,0.35718600089881125,0.7737754605069336,0.9279353148290529,0.6451949494776167,1.210675680180489
21,85.5,0.523349807862097,0.5934146566039579,1.1167644644660548,0.8550895605350064,0.7148135473949201,0.5931056816332367,0.3848109518291756,0.8014004114372979,0.9476532375742074,0.651100396757589,1.2442060783908258
21,85.7,0.49835174480962025,0.6317282302733158,1.130079975082936,0.8809041026781259,0.6054519324673711,0.6171222015206375,0.4088274717165763,0.8254169313246986,0.9707868853520333,0.6622257845917146,1.279347986112352
21,85.9,0.5636678193955542,0.659374082447965,1.2230419018435192,0.9412079921457421,0.6037207285229415,0.665472883995995,0.45717815419193386,0.8737676138000562,0.9996783616417443,0.6669419196437467,1.3324148036397419
21,86.1,0.6447901290344279,0.4658235845956291,1.110613713630057,0.788218649112843,0.6261102366114182,0.6178246857230949,0.40952995591903374,0.8261194155271561,0.9201122888554032,0.6111999459938557,1.2290246317169506
21,86.3,0.398718390857187,0.4105674751562702,0.8092858660134572,0.6099266705848637,0.5901841171429181,0.5592485352198248,0.3509538054157636,0.7675432650238859,0.873277446772619,0.5936531791627067,1.1529017143825313
21,86.5,0.37457170246727417,0.6457830039360578,1.020354706403332,0.833068855169695,0.6124680726811353,0.5992674155175323,0.3909726857134711,0.8075621453215934,0.8784612047691471,0.578827497010381,1.1780949125279132
21,86.7,0.3508289033030316,0.6907940295269183,1.04162293282995,0.8662084811784341,0.5888481584868476,0.5527788218597602,0.3444840920556991,0.7610735516638214,0.8647036771152835,0.5883142661854034,1.1410930880451637
21,86.9,0.4744574382632884,0.6293825870756459,1.1038400253389342,0.86661130620729,0.6634936282738648,0.5422179499565805,0.3339232201525193,0.7505126797606416,0.898606664761437,0.6274976897831468,1.1697156397397273
21,87.1,0.4855055090278028,0.6852819923752685,1.1707875014030713,0.9280347468891699,0.6991162578677499,0.5631431090888603,0.3548483792847992,0.7714378388929215,0.9362336005712509,0.6546620460268208,1.217805155115681
21,87.3,0.5020270023039934,0.6745115291662493,1.1765385314702428,0.9255250303182461,0.6700481370297381,0.5579152029062033,0.34962047310214217,0.7662099327102645,0.9242709430126324,0.6453133415595307,1.203228544465734
21,87.5,0.6418084532480449,0.5595872869724753,1.2013957402205202,0.8804915135964977,0.6719352148840236,0.5472789984328368,0.3389842686287756,0.755573728236898,0.903082110197437,0.6294426109810186,1.1767216094138555
21,87.7,0.4936167765015128,0.37497154363959107,0.8685883201411039,0.6217799318903474,0.6309949131383036,0.5478915650692858,0.33959683526522466,0.756186294873347,0.9363239349800127,0.6623781524453698,1.2102697175146555
21,87.9,0.3434761389264828,0.24483005719489698,0.5883061961213798,0.41656812665813836,0.623936900165257,0.5456537849283872,0.33735905512432607,0.7539485147324484,0.9267864386544703,0.6539595461902767,1.1996133311186639
21,88.3,0.3255677079991766,0.4665810980330201,0.7921488060321967,0.6293649520326084,0.6743426302782701,0.536825921110079,0.3285311913060178,0.7451206509141401,0.8632539349357389,0.5948409743806994,1.1316668954907785
21,88.5,0.38508163750628555,0.9408518290392092,1.3259334665454947,1.133392647792352,0.6326965324917078,0.5860918130087136,0.37779708320465244,0.7943865428127748,0.9009047585574674,0.6078588520531106,1.1939506650618243
21,88.7,0.28116693709922136,1.2130101320550872,1.4941770691543086,1.353593600604698,0.6330601902043583,0.5444772996652818,0.33618256986122064,0.752772029469343,0.8651527294684065,0.5929140796357656,1.1373913793010475
21,88.9,0.34403123426195215,1.1712233783911645,1.5152546126531168,1.3432389955221407,0.5563012718850224,0.5890281193087945,0.38073338950473334,0.7973228491128557,0.9064904326427277,0.6119763729883304,1.201004492297125
21,89.1,0.5651278226190024,0.9005334477317056,1.465661270350708,1.1830973590412068,0.5664352910477732,0.5606920762226415,0.35239734641858034,0.7689868060267027,0.8935224137121057,0.613176375600785,1.1738684518234264
21,89.3,0.5064895992472698,0.8350431352940528,1.3415327345413226,1.0882879349176877,0.5829410897363415,0.6188341614241926,0.4105394316201314,0.8271288912282537,0.9129418729689878,0.6035247922568915,1.2223589536810842
21,89.5,0.43985894838915796,0.7011289408350526,1.1409878892242105,0.9210584150296315,0.5987574428476081,0.6668973486323461,0.4586026188282849,0.8751920784364072,0.9347447675137838,0.6012960931976108,1.2681934418299567
21,89.7,0.41418533512712374,0.30078006233885096,0.7149653974659748,0.5078727299024128,0.545067320281408,0.5398099147270332,0.33151518492297205,0.7481046445310944,0.8940488703828415,0.6241439130193249,1.1639538277463581
21,89.9,0.4110253255932003,0.11284060963450966,0.52386593522771,0.31835327243110983,0.5091694544115501,0.5646246340968756,0.3563299042928144,0.7729193639009367,0.9333300406887937,0.6510177236403558,1.2156423577372315
21,90.1,0.35001924527668254,0.22401314125152091,0.5740323865282034,0.3990227638898622,0.5787434785619173,0.6381779993388875,0.42988326953482636,0.8464727291429487,0.9389656642138279,0.6198766645443841,1.2580546638832717
21,90.3,0.2628302753218351,0.3294366569272904,0.5922669322491255,0.46085179458820796,0.6287247580527884,0.6097810008007896,0.4014862709967284,0.8180757306048507,0.8992475654019192,0.5943570650015244,1.204138065802314
21,90.5,0.34702540267192233,0.3556200013404749,0.7026454040123973,0.5291327026764361,0.5763854162861809,0.5747078986747653,0.3664131688707042,0.7830026284788265,0.8758735923182146,0.5885196429808319,1.1632275416555973
21,90.7,0.5473089777179967,0.44035953647548864,0.9876685141934853,0.714014025334487,0.6066644865062224,0.5907085597449169,0.3824138299408557,0.799003289548978,0.918803375959012,0.6234490960865535,1.2141576558314704
21,90.9,0.5029133881636829,0.5279376632012172,1.0308510513649,0.7793943572830586,0.5435169966957178,0.5434993005434998,0.33520457073943866,0.751794030347561,0.8773027858699487,0.6055531355981988,1.1490524361416985
21,91.1,0.5311517543417531,0.5092239220247026,1.0403756763664558,0.7747997991955792,0.6309362888368043,0.5295849488022703,0.3212902189982091,0.7378796786063314,0.8892291991680832,0.624436724766948,1.1540216735692184
21,91.3,0.7682860340501735,0.4360658148296842,1.2043518488798577,0.8202088318547709,0.5982372594857832,0.6176080568045336,0.4093133270004724,0.8259027866085947,0.9294383302876594,0.6206343018853926,1.2382423586899263
21,91.5,0.8130797003711452,0.33243865046974486,1.1455183508408902,0.7389785006553176,0.6073474208432987,0.5434472877818932,0.33515255797783206,0.7517420175859544,0.8731927361088532,0.6014690922179066,1.1449163799998
21,91.7,0.5286953719318843,0.36382316412118093,0.8925185360530653,0.6281708500871231,0.6709650586454785,0.5303115686466587,0.3220168388425976,0.7386062984507199,0.8837949630403777,0.6186391787170484,1.148950747363707
21,91.9,0.5432991822861265,0.4924136540378056,1.0357128363239323,0.764063245180869,0.6290959014218643,0.7012904697940081,0.49299573998994695,0.9095851995980693,1.0167218475368687,0.6660766126398646,1.3673670824338728
21,92.1,0.7471191349071038,0.5657711981496559,1.3128903330567596,0.9393307656032077,0.5964619539073351,0.5730047553758171,0.3647100255717559,0.7812994851798782,0.8730390861245945,0.5865367084366859,1.159541463812503
21,92.3,0.7962349068656187,0.6033134422784538,1.3995483491440726,1.0014308957112632,0.61200802084712,0.5639881403714662,0.355693410567405,0.7722828701755273,0.8922402191596027,0.6102461489738696,1.174234289345336
21,92.5,0.7392514109419774,0.628996364414622,1.3682477753565996,0.9986220698856108,0.6610311831857828,0.5747799643193642,0.366485234515303,0.7830746941234253,0.9062216158821421,0.61883163372246,1.1936115980418243
21,92.7,0.5685679464193315,0.670735757877844,1.2393037042971755,0.9550197310875097,0.6701555027298224,0.5389482405572193,0.3306535107531582,0.7472429703612805,0.9062847095278543,0.6368105892492446,1.175758829806464
21,92.9,0.44975593523000196,0.6888397496860734,1.1385956849160754,0.9137177173010744,0.6150824444816483,0.6134648366935771,0.40517010688951594,0.8217595664976383,0.9093576701682107,0.6026252518214221,1.2160900885149992
21,93.1,0.5036552662165048,0.6922771152868945,1.1959323815033993,0.9441047483951469,0.5734089266149314,0.5479137251588293,0.33961899535476814,0.7562084549628905,0.8877517233119059,0.6137948607324912,1.1617085858913205
21,93.3,0.5208090138108655,0.8764652994145093,1.3972743132253749,1.136869806319942,0.6540788498042321,0.5537950413492425,0.34550031154518135,0.7620897711533037,0.9286416630483032,0.651744142373682,1.2055391837229243
21,93.5,0.37766056000771137,1.0154089504581036,1.393069510465815,1.2042392304619594,0.6320044249469533,0.5670350490831635,0.3587403192791023,0.7753297788872247,0.9446188248088243,0.6611013002672426,1.228136349350406
21,93.7,0.41745523477823426,0.8026262067728154,1.2200814415510497,1.0113538241619326,0.6607117758497605,0.5305824419436065,0.3222877121395453,0.7388771717476676,0.9187384573623093,0.6534472363905061,1.1840296783341127
21,93.9,0.3761545411264053,0.7408795807017098,1.117034121828115,0.9289568512649125,0.639572066698079,0.5349794495092468,0.32668471970518564,0.743274179313308,0.9374360243493499,0.6699462995947265,1.2049257491039733
21,94.1,0.37896863821169274,0.727814233108528,1.1067828713202208,0.9172985522143744,0.6996184656955833,0.5544126464880685,0.3461179166840074,0.7627073762921297,0.9543496806844182,0.6771433574403839,1.2315560039284525
21,94.3,0.6958500034720991,0.41792930620116076,1.11377930967326,0.7658543079372104,0.7178118616050357,0.5664383310049012,0.35814360120084,0.7747330608089623,0.9255188587972732,0.6422996932948226,1.2087380242997239
21,94.5,0.7711674475707471,0.4113754272219707,1.1825428747927178,0.7969591510073443,0.6039017540383481,0.6571757727875991,0.4488810429835379,0.8654705025916603,0.9869010301854785,0.6583131437916789,1.315488916579278
21,94.7,0.5933699344353889,0.6619638285241907,1.2553337629595795,0.9586487957418851,0.5550872775959886,0.5348297885772885,0.3265350587732273,0.7431245183813496,0.8808515750268697,0.6134366807382254,1.148266469315514
21,94.9,0.5938611642943266,0.7863100161953657,1.3801711804896923,1.083240598342529,0.6544685152563693,0.540501072083805,0.3322063422797439,0.7487958018878662,0.9051275834147354,0.6348770473728329,1.175378119456638
21,95.1,0.6608821165317963,0.8507180311884441,1.5116001477202405,1.1811590894543422,0.6220253438031093,0.7613584353695697,0.5530637055655085,0.9696531651736309,1.0035654771786482,0.6228862594938633,1.384244694863433
21,95.3,0.7440042958757784,0.9825072495831327,1.7265115454589113,1.354509397521022,0.6133935266849289,0.5597232642497495,0.35142853444568833,0.7680179940538107,0.851542914923608,0.5716812827987332,1.1314045470484828
21,95.5,0.6095461233806851,1.1436478225398727,1.7531939459205579,1.4484208842302153,0.6435342892858242,0.5539695496873875,0.3456748198833264,0.7622642794914487,0.9090852293844125,0.6321004545407187,1.1860700042281063
21,95.7,0.42948292971549257,1.1035104032735827,1.5329933329890753,1.318251868131329,0.6310673477905954,0.6060751372730793,0.3977804074690181,0.8143698670771404,0.9526336533222731,0.6495960846857335,1.2556712219588126
21,95.9,0.32349563334907255,0.8726348117511368,1.1961304451002093,1.034382628425673,0.6066543603294599,0.5719235803134175,0.36362885050935634,0.7802183101174787,0.9220134847277943,0.6360516945710856,1.207975274884503
